{"ETAS": {"nll": 4.892927515474297, "tll": 0.15837254633088638, "sll": -5.051300061805184}, "Poisson": {"nll": 13.979106568807158, "tll": -0.4064621139584135, "sll": -13.572644454848744}}