{"ETAS": {"nll": 8.23367702110826, "tll": 0.49507249863835323, "sll": -8.728749519746614}, "Poisson": {"nll": 14.738072038501018, "tll": -0.9635679095866524, "sll": -13.774504128914366}}