{"ETAS": {"nll": -0.5867385036258524, "tll": 2.2838303643114837, "sll": -1.6970918606856313}, "Poisson": {"nll": 11.804844794467325, "tll": 1.767799660381419, "sll": -13.572644454848744}}