{"ETAS": {"nll": 5.206035362970297, "tll": 0.21846786804105037, "sll": -5.4245032310113475}, "Poisson": {"nll": 14.281778086970668, "tll": -0.2477049334603807, "sll": -14.034073153510288}}