{"ETAS": {"nll": 1.8442149854608072, "tll": 1.2672799683041098, "sll": -3.1114949537649164}, "Poisson": {"nll": 12.751399904902447, "tll": 0.8212445499462968, "sll": -13.572644454848744}}