{"ETAS": {"nll": 9.292644689560232, "tll": -1.2483339419651123, "sll": -8.04431074759512}, "Poisson": {"nll": 15.659914182342973, "tll": -2.0872697274942302, "sll": -13.572644454848742}}