{"ETAS": {"nll": 7.407411051497874, "tll": -0.5038875351414548, "sll": -6.903523516356417}, "Poisson": {"nll": 15.12879244128352, "tll": -1.0947192877732326, "sll": -14.034073153510288}}