{"ETAS": {"nll": -1.7573409722437219, "tll": 2.923656220306603, "sll": -1.1663152480628807}, "Poisson": {"nll": 11.395778914753672, "tll": 2.176865540095072, "sll": -13.572644454848744}}