{"ETAS": {"nll": 11.565339310996462, "tll": -1.6707071076383058, "sll": -9.89463220335816}, "Poisson": {"nll": 16.123632038935114, "tll": -2.550987584086369, "sll": -13.572644454848744}}