{"ETAS": {"nll": 10.156644076794123, "tll": -0.7591748044891459, "sll": -9.397469272304978}, "Poisson": {"nll": 16.0715542649329, "tll": -2.297050136018533, "sll": -13.774504128914366}}