{"ETAS": {"nll": 7.888762169837018, "tll": 0.7786324809463926, "sll": -8.667394650783411}, "Poisson": {"nll": 14.297325374480959, "tll": -0.5228212455665915, "sll": -13.774504128914367}}