{"ETAS": {"nll": 7.375467921355714, "tll": 1.332567342513047, "sll": -8.708035263868762}, "Poisson": {"nll": 13.400172468410695, "tll": 0.37433166050367217, "sll": -13.774504128914367}}