{"ETAS": {"nll": 7.678041794073663, "tll": 1.0450189643920635, "sll": -8.723060758465728}, "Poisson": {"nll": 13.817464215108282, "tll": -0.042960086193915004, "sll": -13.774504128914367}}