{"ETAS": {"nll": -0.2625196310026307, "tll": 2.3650073082184617, "sll": -2.102487677215831}, "Poisson": {"nll": 12.091954620437061, "tll": 1.9421185330732273, "sll": -14.034073153510288}}