{"ETAS": {"nll": 9.49756424248629, "tll": -0.3390787496424149, "sll": -9.158485492843875}, "Poisson": {"nll": 15.642212076513285, "tll": -1.867707947598918, "sll": -13.774504128914367}}