{"ETAS": {"nll": 4.169582748139998, "tll": 0.5969616437751485, "sll": -4.766544391915145}, "Poisson": {"nll": 13.843247651989552, "tll": 0.19082550152073485, "sll": -14.034073153510287}}