{"ETAS": {"nll": 8.472209134506752, "tll": -0.8525877288456932, "sll": -7.61962140566106}, "Poisson": {"nll": 15.554982831194264, "tll": -1.5209096776839761, "sll": -14.034073153510288}}