{"ETAS": {"nll": 12.174589540384298, "tll": -2.046651405511693, "sll": -10.127938134872606}, "Poisson": {"nll": 16.523520375980446, "tll": -2.9508759211317024, "sll": -13.572644454848744}}