{"ETAS": {"nll": 0.4264508314992531, "tll": 1.5480237640710823, "sll": -1.9744745955703353}, "Poisson": {"nll": 12.396961860733583, "tll": 1.1756825941151614, "sll": -13.572644454848744}}