{"ETAS": {"nll": 3.8194259093254375, "tll": 0.5270956461921136, "sll": -4.346521555517551}, "Poisson": {"nll": 13.540993537837984, "tll": 0.031650917010759505, "sll": -13.572644454848744}}