{"ETAS": {"nll": -1.190161996430919, "tll": 2.62839884124718, "sll": -1.4382368448162608}, "Poisson": {"nll": 11.577037325044126, "tll": 1.9956071298046187, "sll": -13.572644454848744}}