{"ETAS": {"nll": 2.2853107075385015, "tll": 1.3583633265449115, "sll": -3.643674034083413}, "Poisson": {"nll": 13.039074229665328, "tll": 0.9949989238449586, "sll": -14.034073153510287}}