{"ETAS": {"nll": 2.7659358594913406, "tll": 0.898975332616957, "sll": -3.6649111921082973}, "Poisson": {"nll": 13.130994963602156, "tll": 0.44164949124658714, "sll": -13.572644454848742}}