{
    "ETAS": {
        "nll": 12.408934715484865,
        "tll": -2.0258952845634104,
        "sll": -10.383039430921455
    },
    "Poisson": {
        "nll": 16.893508045361507,
        "tll": -2.8594348918512194,
        "sll": -14.034073153510288
    }
}