{"ETAS": {"nll": 10.946965070375121, "tll": -1.3085968231808187, "sll": -9.638368247194304}, "Poisson": {"nll": 16.536456352136536, "tll": -2.7619522232221696, "sll": -13.774504128914366}}