{"ETAS": {"nll": 7.075172381602258, "tll": -0.5469480451362111, "sll": -6.528224336466047}, "Poisson": {"nll": 14.82282797903866, "tll": -1.2501835241899169, "sll": -13.572644454848744}}