{"ETAS": {"nll": 0.3530196745731881, "tll": 1.998361070578558, "sll": -2.351380745151746}, "Poisson": {"nll": 12.359032780676275, "tll": 1.6750403728340135, "sll": -14.034073153510288}}