{
    "ETAS": {
        "nll": 10.860404220655136,
        "tll": -1.6647840968387695,
        "sll": -9.195620123816369
    },
    "Poisson": {
        "nll": 16.471875467874526,
        "tll": -2.437802314364239,
        "sll": -14.034073153510287
    }
}