{"ETAS": {"nll": 7.253725688958234, "tll": 1.434547307333935, "sll": -8.688272996292168}, "Poisson": {"nll": 13.262078707251785, "tll": 0.5124254216625834, "sll": -13.77450412891437}}