{"ETAS": {"nll": -0.18051927966289952, "tll": 1.9591674454434451, "sll": -1.7786481657805455}, "Poisson": {"nll": 12.076200704679776, "tll": 1.4964437501689671, "sll": -13.572644454848742}}