{"ETAS": {"nll": 3.1580068250067854, "tll": 0.9780382176311397, "sll": -4.136045042637925}, "Poisson": {"nll": 13.428341610144388, "tll": 0.6057315433658997, "sll": -14.034073153510288}}