{"ETAS": {"nll": 8.667614411515553, "tll": 0.18935770550274925, "sll": -8.856972117018302}, "Poisson": {"nll": 15.13399448443819, "tll": -1.3594903555238242, "sll": -13.774504128914366}}