{"ETAS": {"nll": 0.8462185296083764, "tll": 1.6395238166475086, "sll": -2.485742346255885}, "Poisson": {"nll": 12.67705085685467, "tll": 1.3570222966556174, "sll": -14.034073153510288}}