{
    "ETAS": {
        "nll": 6.227169340268719,
        "tll": -0.1412755563083143,
        "sll": -6.0858937839604055
    },
    "Poisson": {
        "nll": 14.715051672128219,
        "tll": -0.6809785186179321,
        "sll": -14.034073153510287
    }
}