{"ETAS": {"nll": 9.589206482454742, "tll": -1.2274632107430081, "sll": -8.361743271711735}, "Poisson": {"nll": 15.984219045493594, "tll": -1.9501458919833072, "sll": -14.034073153510287}}