{"ETAS": {"nll": 5.938086492441995, "tll": -0.19530065679054687, "sll": -5.742785835651448}, "Poisson": {"nll": 14.41011776067761, "tll": -0.8374733058288665, "sll": -13.572644454848742}}