{"ETAS": {"nll": 8.144251152877116, "tll": -0.8846747554609662, "sll": -7.25957639741615}, "Poisson": {"nll": 15.240850419737548, "tll": -1.6682059648888048, "sll": -13.572644454848742}}